id,answer_format,is_mcq,primary_category,category_tag_parse_ok,category_tag_source,statistics_probability,calculus,geometry_trig,linear_algebra,discrete_algorithm,arithmetic_algebra,applied_word_problem,general_math
0,free_form,False,arithmetic_algebra,True,qwen_json,0,0,0,0,0,1,0,0
1,mcq,True,statistics_probability,True,qwen_json,1,0,0,0,0,0,0,0
2,free_form,False,statistics_probability,True,qwen_json,1,0,0,0,0,0,0,0
3,mcq,True,statistics_probability,True,qwen_json,1,0,0,0,0,0,0,0
4,free_form,False,geometry_trig,True,qwen_json,0,0,1,0,0,0,0,0
5,free_form,False,statistics_probability,True,qwen_json,1,0,0,0,0,0,0,0
6,free_form,False,geometry_trig,True,qwen_json,0,0,1,0,0,0,0,0
7,free_form,False,statistics_probability,True,qwen_json,1,0,0,0,0,0,0,0
8,free_form,False,applied_word_problem,True,qwen_json,0,0,0,0,0,0,1,0
9,free_form,False,arithmetic_algebra,True,qwen_json,0,0,0,0,0,1,0,0
10,mcq,True,calculus,True,qwen_json,0,1,0,0,0,0,0,0
11,free_form,False,statistics_probability,True,qwen_json,1,0,0,0,0,0,0,0
12,free_form,False,applied_word_problem,True,qwen_json,0,0,0,0,0,0,1,0
13,mcq,True,calculus,True,qwen_json,0,1,0,0,0,0,0,0
14,free_form,False,arithmetic_algebra,True,qwen_json,0,0,0,0,0,1,0,0
15,free_form,False,arithmetic_algebra,True,qwen_json,0,0,0,0,0,1,0,0
16,free_form,False,calculus,True,rule_override_general_math,0,1,0,0,0,0,0,0
17,mcq,True,discrete_algorithm,True,rule_override_general_math,0,0,0,0,1,0,0,0
18,mcq,True,applied_word_problem,True,qwen_json,0,0,0,0,0,0,1,0
19,mcq,True,statistics_probability,True,qwen_json,1,0,0,0,0,0,0,0
20,free_form,False,statistics_probability,True,qwen_json,1,0,0,0,0,0,0,0
21,free_form,False,statistics_probability,True,qwen_json,1,0,0,0,0,0,0,0
22,mcq,True,geometry_trig,True,qwen_json,0,0,1,0,0,0,0,0
23,mcq,True,applied_word_problem,True,qwen_json,0,0,0,0,0,0,1,0
24,free_form,False,statistics_probability,True,qwen_json,1,0,0,0,0,0,0,0
25,free_form,False,statistics_probability,True,qwen_json,1,0,0,0,0,0,0,0
26,mcq,True,arithmetic_algebra,True,qwen_json,0,0,0,0,0,1,0,0
27,free_form,False,geometry_trig,True,qwen_json,0,0,1,0,0,0,0,0
28,free_form,False,arithmetic_algebra,True,qwen_json,0,0,0,0,0,1,0,0
29,free_form,False,applied_word_problem,True,qwen_json,0,0,0,0,0,0,1,0
30,free_form,False,statistics_probability,True,qwen_json,1,0,0,0,0,0,0,0
31,free_form,False,arithmetic_algebra,True,qwen_json,0,0,0,0,0,1,0,0
32,free_form,False,geometry_trig,True,qwen_json,0,0,1,0,0,0,0,0
33,mcq,True,geometry_trig,True,qwen_json,0,0,1,0,0,0,0,0
34,mcq,True,statistics_probability,True,qwen_json,1,0,0,0,0,0,0,0
35,free_form,False,arithmetic_algebra,True,qwen_json,0,0,0,0,0,1,0,0
36,free_form,False,arithmetic_algebra,True,qwen_json,0,0,0,0,0,1,0,0
37,free_form,False,applied_word_problem,True,qwen_json,0,0,0,0,0,0,1,0
38,mcq,True,calculus,True,qwen_json,0,1,0,0,0,0,0,0
39,free_form,False,applied_word_problem,True,qwen_json,0,0,0,0,0,0,1,0
40,free_form,False,arithmetic_algebra,True,qwen_json,0,0,0,0,0,1,0,0
41,free_form,False,geometry_trig,True,rule_override_general_math,0,0,1,0,0,0,0,0
42,free_form,False,statistics_probability,True,qwen_json,1,0,0,0,0,0,0,0
43,free_form,False,geometry_trig,True,qwen_json,0,0,1,0,0,0,0,0
44,free_form,False,statistics_probability,True,qwen_json,1,0,0,0,0,0,0,0
45,mcq,True,discrete_algorithm,True,qwen_json,0,0,0,0,1,0,0,0
46,free_form,False,statistics_probability,True,qwen_json,1,0,0,0,0,0,0,0
47,mcq,True,arithmetic_algebra,True,qwen_json,0,0,0,0,0,1,0,0
48,free_form,False,arithmetic_algebra,True,qwen_json,0,0,0,0,0,1,0,0
49,free_form,False,statistics_probability,True,qwen_json,1,0,0,0,0,0,0,0
50,free_form,False,linear_algebra,True,qwen_json,0,0,0,1,0,0,0,0
51,free_form,False,arithmetic_algebra,True,qwen_json,0,0,0,0,0,1,0,0
52,free_form,False,arithmetic_algebra,True,qwen_json,0,0,0,0,0,1,0,0
53,mcq,True,statistics_probability,True,qwen_json,1,0,0,0,0,0,0,0
54,free_form,False,geometry_trig,True,rule_override_general_math,0,0,1,0,0,0,0,0
55,free_form,False,arithmetic_algebra,True,qwen_json,0,0,0,0,0,1,0,0
56,free_form,False,statistics_probability,True,qwen_json,1,0,0,0,0,0,0,0
57,free_form,False,applied_word_problem,True,qwen_json,0,0,0,0,0,0,1,0
58,free_form,False,arithmetic_algebra,True,qwen_json,0,0,0,0,0,1,0,0
59,free_form,False,arithmetic_algebra,True,qwen_json,0,0,0,0,0,1,0,0
60,free_form,False,statistics_probability,True,qwen_json,1,0,0,0,0,0,0,0
61,free_form,False,applied_word_problem,True,qwen_json,0,0,0,0,0,0,1,0
62,free_form,False,arithmetic_algebra,True,qwen_json,0,0,0,0,0,1,0,0
63,free_form,False,statistics_probability,True,qwen_json,1,0,0,0,0,0,0,0
64,free_form,False,geometry_trig,True,qwen_json,0,0,1,0,0,0,0,0
65,free_form,False,arithmetic_algebra,True,qwen_json,0,0,0,0,0,1,0,0
66,free_form,False,geometry_trig,True,qwen_json,0,0,1,0,0,0,0,0
67,free_form,False,applied_word_problem,True,qwen_json,0,0,0,0,0,0,1,0
68,free_form,False,statistics_probability,True,qwen_json,1,0,0,0,0,0,0,0
69,mcq,True,calculus,True,qwen_json,0,1,0,0,0,0,0,0
70,free_form,False,arithmetic_algebra,True,qwen_json,0,0,0,0,0,1,0,0
71,free_form,False,applied_word_problem,True,qwen_json,0,0,0,0,0,0,1,0
72,free_form,False,geometry_trig,True,qwen_json,0,0,1,0,0,0,0,0
73,mcq,True,statistics_probability,True,qwen_json,1,0,0,0,0,0,0,0
74,free_form,False,statistics_probability,True,qwen_json,1,0,0,0,0,0,0,0
75,free_form,False,applied_word_problem,True,qwen_json,0,0,0,0,0,0,1,0
76,free_form,False,arithmetic_algebra,True,qwen_json,0,0,0,0,0,1,0,0
77,free_form,False,statistics_probability,True,qwen_json,1,0,0,0,0,0,0,0
78,mcq,True,geometry_trig,True,qwen_json,0,0,1,0,0,0,0,0
79,free_form,False,arithmetic_algebra,True,qwen_json,0,0,0,0,0,1,0,0
80,mcq,True,arithmetic_algebra,True,qwen_json,0,0,0,0,0,1,0,0
81,free_form,False,statistics_probability,True,qwen_json,1,0,0,0,0,0,0,0
82,free_form,False,statistics_probability,True,qwen_json,1,0,0,0,0,0,0,0
83,free_form,False,general_math,True,qwen_json,0,0,0,0,0,0,0,1
84,free_form,False,arithmetic_algebra,True,qwen_json,0,0,0,0,0,1,0,0
85,mcq,True,applied_word_problem,True,qwen_json,0,0,0,0,0,0,1,0
86,free_form,False,applied_word_problem,True,qwen_json,0,0,0,0,0,0,1,0
87,free_form,False,statistics_probability,True,qwen_json,1,0,0,0,0,0,0,0
88,mcq,True,discrete_algorithm,True,qwen_json,0,0,0,0,1,0,0,0
89,free_form,False,applied_word_problem,True,qwen_json,0,0,0,0,0,0,1,0
90,free_form,False,arithmetic_algebra,True,qwen_json,0,0,0,0,0,1,0,0
91,mcq,True,discrete_algorithm,True,qwen_json,0,0,0,0,1,0,0,0
92,mcq,True,calculus,True,qwen_json,0,1,0,0,0,0,0,0
93,free_form,False,applied_word_problem,True,qwen_json,0,0,0,0,0,0,1,0
94,mcq,True,calculus,True,qwen_json,0,1,0,0,0,0,0,0
95,free_form,False,geometry_trig,True,qwen_json,0,0,1,0,0,0,0,0
96,free_form,False,arithmetic_algebra,True,qwen_json,0,0,0,0,0,1,0,0
97,free_form,False,geometry_trig,True,qwen_json,0,0,1,0,0,0,0,0
98,mcq,True,statistics_probability,True,qwen_json,1,0,0,0,0,0,0,0
99,free_form,False,arithmetic_algebra,True,qwen_json,0,0,0,0,0,1,0,0
100,free_form,False,applied_word_problem,True,qwen_json,0,0,0,0,0,0,1,0
101,free_form,False,statistics_probability,True,qwen_json,1,0,0,0,0,0,0,0
102,mcq,True,arithmetic_algebra,True,qwen_json,0,0,0,0,0,1,0,0
103,free_form,False,geometry_trig,True,qwen_json,0,0,1,0,0,0,0,0
104,free_form,False,geometry_trig,True,qwen_json,0,0,1,0,0,0,0,0
105,free_form,False,statistics_probability,True,qwen_json,1,0,0,0,0,0,0,0
106,free_form,False,applied_word_problem,True,qwen_json,0,0,0,0,0,0,1,0
107,mcq,True,geometry_trig,True,qwen_json,0,0,1,0,0,0,0,0
108,free_form,False,geometry_trig,True,qwen_json,0,0,1,0,0,0,0,0
109,mcq,True,linear_algebra,True,qwen_json,0,0,0,1,0,0,0,0
110,free_form,False,applied_word_problem,True,qwen_json,0,0,0,0,0,0,1,0
111,free_form,False,arithmetic_algebra,True,qwen_json,0,0,0,0,0,1,0,0
112,free_form,False,geometry_trig,True,qwen_json,0,0,1,0,0,0,0,0
113,free_form,False,geometry_trig,True,qwen_json,0,0,1,0,0,0,0,0
114,mcq,True,geometry_trig,True,qwen_json,0,0,1,0,0,0,0,0
115,free_form,False,arithmetic_algebra,True,qwen_json,0,0,0,0,0,1,0,0
116,free_form,False,applied_word_problem,True,qwen_json,0,0,0,0,0,0,1,0
117,mcq,True,arithmetic_algebra,True,qwen_json,0,0,0,0,0,1,0,0
118,free_form,False,applied_word_problem,True,qwen_json,0,0,0,0,0,0,1,0
119,free_form,False,geometry_trig,True,qwen_json,0,0,1,0,0,0,0,0
120,free_form,False,arithmetic_algebra,True,qwen_json,0,0,0,0,0,1,0,0
121,free_form,False,applied_word_problem,True,qwen_json,0,0,0,0,0,0,1,0
122,free_form,False,applied_word_problem,True,qwen_json,0,0,0,0,0,0,1,0
123,mcq,True,calculus,True,qwen_json,0,1,0,0,0,0,0,0
124,mcq,True,linear_algebra,True,qwen_json,0,0,0,1,0,0,0,0
125,mcq,True,arithmetic_algebra,True,qwen_json,0,0,0,0,0,1,0,0
126,free_form,False,arithmetic_algebra,True,qwen_json,0,0,0,0,0,1,0,0
127,free_form,False,applied_word_problem,True,qwen_json,0,0,0,0,0,0,1,0
128,free_form,False,arithmetic_algebra,True,qwen_json,0,0,0,0,0,1,0,0
129,free_form,False,geometry_trig,True,qwen_json,0,0,1,0,0,0,0,0
130,free_form,False,arithmetic_algebra,True,qwen_json,0,0,0,0,0,1,0,0
131,free_form,False,statistics_probability,True,qwen_json,1,0,0,0,0,0,0,0
132,free_form,False,arithmetic_algebra,True,qwen_json,0,0,0,0,0,1,0,0
133,free_form,False,geometry_trig,True,qwen_json,0,0,1,0,0,0,0,0
134,free_form,False,statistics_probability,True,qwen_json,1,0,0,0,0,0,0,0
135,free_form,False,arithmetic_algebra,True,qwen_json,0,0,0,0,0,1,0,0
136,free_form,False,statistics_probability,True,qwen_json,1,0,0,0,0,0,0,0
137,free_form,False,arithmetic_algebra,True,qwen_json,0,0,0,0,0,1,0,0
138,free_form,False,applied_word_problem,True,qwen_json,0,0,0,0,0,0,1,0
139,free_form,False,arithmetic_algebra,True,qwen_json,0,0,0,0,0,1,0,0
140,free_form,False,applied_word_problem,True,qwen_json,0,0,0,0,0,0,1,0
141,mcq,True,arithmetic_algebra,True,qwen_json,0,0,0,0,0,1,0,0
142,free_form,False,applied_word_problem,True,rule_override_general_math,0,0,0,0,0,0,1,0
143,free_form,False,geometry_trig,True,qwen_json,0,0,1,0,0,0,0,0
144,mcq,True,calculus,True,qwen_json,0,1,0,0,0,0,0,0
145,free_form,False,arithmetic_algebra,True,qwen_json,0,0,0,0,0,1,0,0
146,mcq,True,calculus,True,qwen_json,0,1,0,0,0,0,0,0
147,mcq,True,calculus,True,qwen_json,0,1,0,0,0,0,0,0
148,mcq,True,statistics_probability,True,qwen_json,1,0,0,0,0,0,0,0
149,free_form,False,geometry_trig,True,qwen_json,0,0,1,0,0,0,0,0
150,mcq,True,linear_algebra,True,qwen_json,0,0,0,1,0,0,0,0
151,free_form,False,arithmetic_algebra,True,qwen_json,0,0,0,0,0,1,0,0
152,mcq,True,arithmetic_algebra,True,qwen_json,0,0,0,0,0,1,0,0
153,mcq,True,linear_algebra,True,qwen_json,0,0,0,1,0,0,0,0
154,free_form,False,applied_word_problem,True,qwen_json,0,0,0,0,0,0,1,0
155,free_form,False,geometry_trig,True,qwen_json,0,0,1,0,0,0,0,0
156,mcq,True,linear_algebra,True,qwen_json,0,0,0,1,0,0,0,0
157,free_form,False,applied_word_problem,True,qwen_json,0,0,0,0,0,0,1,0
158,free_form,False,statistics_probability,True,qwen_json,1,0,0,0,0,0,0,0
159,free_form,False,arithmetic_algebra,True,qwen_json,0,0,0,0,0,1,0,0
160,free_form,False,arithmetic_algebra,True,qwen_json,0,0,0,0,0,1,0,0
161,free_form,False,geometry_trig,True,rule_override_general_math,0,0,1,0,0,0,0,0
162,mcq,True,discrete_algorithm,True,qwen_json,0,0,0,0,1,0,0,0
163,free_form,False,arithmetic_algebra,True,qwen_json,0,0,0,0,0,1,0,0
164,mcq,True,arithmetic_algebra,True,qwen_json,0,0,0,0,0,1,0,0
165,mcq,True,geometry_trig,True,rule_override_general_math,0,0,1,0,0,0,0,0
166,free_form,False,applied_word_problem,True,qwen_json,0,0,0,0,0,0,1,0
167,free_form,False,geometry_trig,True,qwen_json,0,0,1,0,0,0,0,0
168,free_form,False,statistics_probability,True,qwen_json,1,0,0,0,0,0,0,0
169,free_form,False,arithmetic_algebra,True,qwen_json,0,0,0,0,0,1,0,0
170,mcq,True,general_math,True,qwen_json,0,0,0,0,0,0,0,1
171,free_form,False,geometry_trig,True,qwen_json,0,0,1,0,0,0,0,0
172,free_form,False,geometry_trig,True,qwen_json,0,0,1,0,0,0,0,0
173,mcq,True,statistics_probability,True,qwen_json,1,0,0,0,0,0,0,0
174,free_form,False,arithmetic_algebra,True,qwen_json,0,0,0,0,0,1,0,0
175,mcq,True,arithmetic_algebra,True,qwen_json,0,0,0,0,0,1,0,0
176,free_form,False,arithmetic_algebra,True,qwen_json,0,0,0,0,0,1,0,0
177,mcq,True,calculus,True,qwen_json,0,1,0,0,0,0,0,0
178,mcq,True,linear_algebra,True,qwen_json,0,0,0,1,0,0,0,0
179,free_form,False,arithmetic_algebra,True,qwen_json,0,0,0,0,0,1,0,0
180,free_form,False,arithmetic_algebra,True,qwen_json,0,0,0,0,0,1,0,0
181,mcq,True,statistics_probability,True,qwen_json,1,0,0,0,0,0,0,0
182,mcq,True,statistics_probability,True,qwen_json,1,0,0,0,0,0,0,0
183,mcq,True,calculus,True,qwen_json,0,1,0,0,0,0,0,0
184,mcq,True,discrete_algorithm,True,qwen_json,0,0,0,0,1,0,0,0
185,free_form,False,calculus,True,qwen_json,0,1,0,0,0,0,0,0
186,mcq,True,calculus,True,qwen_json,0,1,0,0,0,0,0,0
187,free_form,False,statistics_probability,True,qwen_json,1,0,0,0,0,0,0,0
188,free_form,False,statistics_probability,True,qwen_json,1,0,0,0,0,0,0,0
189,free_form,False,applied_word_problem,True,qwen_json,0,0,0,0,0,0,1,0
190,free_form,False,arithmetic_algebra,True,qwen_json,0,0,0,0,0,1,0,0
191,free_form,False,arithmetic_algebra,True,qwen_json,0,0,0,0,0,1,0,0
192,free_form,False,statistics_probability,True,qwen_json,1,0,0,0,0,0,0,0
193,mcq,True,calculus,True,qwen_json,0,1,0,0,0,0,0,0
194,free_form,False,applied_word_problem,True,qwen_json,0,0,0,0,0,0,1,0
195,free_form,False,statistics_probability,True,qwen_json,1,0,0,0,0,0,0,0
196,free_form,False,geometry_trig,True,qwen_json,0,0,1,0,0,0,0,0
197,free_form,False,applied_word_problem,True,qwen_json,0,0,0,0,0,0,1,0
198,free_form,False,discrete_algorithm,True,rule_override_general_math,0,0,0,0,1,0,0,0
199,free_form,False,geometry_trig,True,qwen_json,0,0,1,0,0,0,0,0
200,mcq,True,geometry_trig,True,qwen_json,0,0,1,0,0,0,0,0
201,free_form,False,arithmetic_algebra,True,qwen_json,0,0,0,0,0,1,0,0
202,free_form,False,arithmetic_algebra,True,qwen_json,0,0,0,0,0,1,0,0
203,mcq,True,arithmetic_algebra,True,qwen_json,0,0,0,0,0,1,0,0
204,mcq,True,applied_word_problem,True,qwen_json,0,0,0,0,0,0,1,0
205,free_form,False,arithmetic_algebra,True,qwen_json,0,0,0,0,0,1,0,0
206,free_form,False,arithmetic_algebra,True,qwen_json,0,0,0,0,0,1,0,0
207,free_form,False,geometry_trig,True,qwen_json,0,0,1,0,0,0,0,0
208,free_form,False,geometry_trig,True,qwen_json,0,0,1,0,0,0,0,0
209,mcq,True,statistics_probability,True,qwen_json,1,0,0,0,0,0,0,0
210,free_form,False,geometry_trig,True,qwen_json,0,0,1,0,0,0,0,0
211,mcq,True,discrete_algorithm,True,qwen_json,0,0,0,0,1,0,0,0
212,mcq,True,statistics_probability,True,qwen_json,1,0,0,0,0,0,0,0
213,free_form,False,arithmetic_algebra,True,qwen_json,0,0,0,0,0,1,0,0
214,free_form,False,arithmetic_algebra,True,qwen_json,0,0,0,0,0,1,0,0
215,free_form,False,statistics_probability,True,qwen_json,1,0,0,0,0,0,0,0
216,free_form,False,arithmetic_algebra,True,qwen_json,0,0,0,0,0,1,0,0
217,mcq,True,arithmetic_algebra,True,qwen_json,0,0,0,0,0,1,0,0
218,free_form,False,geometry_trig,True,qwen_json,0,0,1,0,0,0,0,0
219,free_form,False,applied_word_problem,True,qwen_json,0,0,0,0,0,0,1,0
220,mcq,True,arithmetic_algebra,True,qwen_json,0,0,0,0,0,1,0,0
221,free_form,False,arithmetic_algebra,True,qwen_json,0,0,0,0,0,1,0,0
222,mcq,True,geometry_trig,True,rule_override_general_math,0,0,1,0,0,0,0,0
223,mcq,True,discrete_algorithm,True,rule_override_general_math,0,0,0,0,1,0,0,0
224,free_form,False,statistics_probability,True,qwen_json,1,0,0,0,0,0,0,0
225,free_form,False,statistics_probability,True,qwen_json,1,0,0,0,0,0,0,0
226,free_form,False,arithmetic_algebra,True,qwen_json,0,0,0,0,0,1,0,0
227,free_form,False,statistics_probability,True,qwen_json,1,0,0,0,0,0,0,0
228,free_form,False,arithmetic_algebra,True,qwen_json,0,0,0,0,0,1,0,0
229,free_form,False,arithmetic_algebra,True,qwen_json,0,0,0,0,0,1,0,0
230,free_form,False,arithmetic_algebra,True,qwen_json,0,0,0,0,0,1,0,0
231,free_form,False,statistics_probability,True,qwen_json,1,0,0,0,0,0,0,0
232,free_form,False,arithmetic_algebra,True,qwen_json,0,0,0,0,0,1,0,0
233,free_form,False,statistics_probability,True,qwen_json,1,0,0,0,0,0,0,0
234,free_form,False,arithmetic_algebra,True,qwen_json,0,0,0,0,0,1,0,0
235,mcq,True,statistics_probability,True,qwen_json,1,0,0,0,0,0,0,0
236,free_form,False,arithmetic_algebra,True,qwen_json,0,0,0,0,0,1,0,0
237,free_form,False,applied_word_problem,True,qwen_json,0,0,0,0,0,0,1,0
238,free_form,False,arithmetic_algebra,True,qwen_json,0,0,0,0,0,1,0,0
239,free_form,False,statistics_probability,True,qwen_json,1,0,0,0,0,0,0,0
240,free_form,False,geometry_trig,True,qwen_json,0,0,1,0,0,0,0,0
241,mcq,True,arithmetic_algebra,True,qwen_json,0,0,0,0,0,1,0,0
242,free_form,False,statistics_probability,True,qwen_json,1,0,0,0,0,0,0,0
243,free_form,False,statistics_probability,True,qwen_json,1,0,0,0,0,0,0,0
244,mcq,True,arithmetic_algebra,True,qwen_json,0,0,0,0,0,1,0,0
245,free_form,False,arithmetic_algebra,True,qwen_json,0,0,0,0,0,1,0,0
246,free_form,False,arithmetic_algebra,True,qwen_json,0,0,0,0,0,1,0,0
247,free_form,False,calculus,True,qwen_json,0,1,0,0,0,0,0,0
248,free_form,False,statistics_probability,True,rule_override_general_math,1,0,0,0,0,0,0,0
249,mcq,True,calculus,True,qwen_json,0,1,0,0,0,0,0,0
250,free_form,False,discrete_algorithm,True,qwen_json,0,0,0,0,1,0,0,0
251,free_form,False,arithmetic_algebra,True,qwen_json,0,0,0,0,0,1,0,0
252,free_form,False,statistics_probability,True,qwen_json,1,0,0,0,0,0,0,0
253,mcq,True,linear_algebra,True,qwen_json,0,0,0,1,0,0,0,0
254,mcq,True,statistics_probability,True,rule_override_general_math,1,0,0,0,0,0,0,0
255,mcq,True,discrete_algorithm,True,qwen_json,0,0,0,0,1,0,0,0
256,free_form,False,arithmetic_algebra,True,qwen_json,0,0,0,0,0,1,0,0
257,free_form,False,statistics_probability,True,qwen_json,1,0,0,0,0,0,0,0
258,mcq,True,calculus,True,qwen_json,0,1,0,0,0,0,0,0
259,free_form,False,statistics_probability,True,qwen_json,1,0,0,0,0,0,0,0
260,free_form,False,arithmetic_algebra,True,qwen_json,0,0,0,0,0,1,0,0
261,free_form,False,arithmetic_algebra,True,qwen_json,0,0,0,0,0,1,0,0
262,free_form,False,applied_word_problem,True,qwen_json,0,0,0,0,0,0,1,0
263,mcq,True,geometry_trig,True,qwen_json,0,0,1,0,0,0,0,0
264,free_form,False,calculus,True,qwen_json,0,1,0,0,0,0,0,0
265,free_form,False,statistics_probability,True,qwen_json,1,0,0,0,0,0,0,0
266,mcq,True,discrete_algorithm,True,rule_override_general_math,0,0,0,0,1,0,0,0
267,mcq,True,statistics_probability,True,qwen_json,1,0,0,0,0,0,0,0
268,free_form,False,applied_word_problem,True,qwen_json,0,0,0,0,0,0,1,0
269,free_form,False,statistics_probability,True,qwen_json,1,0,0,0,0,0,0,0
270,free_form,False,geometry_trig,True,qwen_json,0,0,1,0,0,0,0,0
271,free_form,False,arithmetic_algebra,True,qwen_json,0,0,0,0,0,1,0,0
272,mcq,True,geometry_trig,True,qwen_json,0,0,1,0,0,0,0,0
273,free_form,False,geometry_trig,True,qwen_json,0,0,1,0,0,0,0,0
274,mcq,True,discrete_algorithm,True,rule_override_general_math,0,0,0,0,1,0,0,0
275,free_form,False,general_math,True,qwen_json,0,0,0,0,0,0,0,1
276,free_form,False,arithmetic_algebra,True,qwen_json,0,0,0,0,0,1,0,0
277,free_form,False,arithmetic_algebra,True,qwen_json,0,0,0,0,0,1,0,0
278,free_form,False,arithmetic_algebra,True,qwen_json,0,0,0,0,0,1,0,0
279,mcq,True,calculus,True,qwen_json,0,1,0,0,0,0,0,0
280,mcq,True,calculus,True,qwen_json,0,1,0,0,0,0,0,0
281,free_form,False,geometry_trig,True,qwen_json,0,0,1,0,0,0,0,0
282,free_form,False,arithmetic_algebra,True,qwen_json,0,0,0,0,0,1,0,0
283,free_form,False,applied_word_problem,True,qwen_json,0,0,0,0,0,0,1,0
284,mcq,True,geometry_trig,True,qwen_json,0,0,1,0,0,0,0,0
285,free_form,False,general_math,True,qwen_json,0,0,0,0,0,0,0,1
286,mcq,True,arithmetic_algebra,True,qwen_json,0,0,0,0,0,1,0,0
287,free_form,False,statistics_probability,True,qwen_json,1,0,0,0,0,0,0,0
288,free_form,False,applied_word_problem,True,qwen_json,0,0,0,0,0,0,1,0
289,free_form,False,applied_word_problem,True,qwen_json,0,0,0,0,0,0,1,0
290,mcq,True,calculus,True,qwen_json,0,1,0,0,0,0,0,0
291,free_form,False,arithmetic_algebra,True,qwen_json,0,0,0,0,0,1,0,0
292,free_form,False,geometry_trig,True,qwen_json,0,0,1,0,0,0,0,0
293,free_form,False,applied_word_problem,True,qwen_json,0,0,0,0,0,0,1,0
294,free_form,False,arithmetic_algebra,True,qwen_json,0,0,0,0,0,1,0,0
295,mcq,True,calculus,True,qwen_json,0,1,0,0,0,0,0,0
296,free_form,False,applied_word_problem,True,qwen_json,0,0,0,0,0,0,1,0
297,free_form,False,statistics_probability,True,qwen_json,1,0,0,0,0,0,0,0
298,mcq,True,statistics_probability,True,qwen_json,1,0,0,0,0,0,0,0
299,free_form,False,statistics_probability,True,qwen_json,1,0,0,0,0,0,0,0
300,free_form,False,applied_word_problem,True,qwen_json,0,0,0,0,0,0,1,0
301,free_form,False,statistics_probability,True,qwen_json,1,0,0,0,0,0,0,0
302,mcq,True,arithmetic_algebra,True,qwen_json,0,0,0,0,0,1,0,0
303,mcq,True,arithmetic_algebra,True,qwen_json,0,0,0,0,0,1,0,0
304,mcq,True,calculus,True,rule_override_general_math,0,1,0,0,0,0,0,0
305,mcq,True,discrete_algorithm,True,qwen_json,0,0,0,0,1,0,0,0
306,mcq,True,calculus,True,qwen_json,0,1,0,0,0,0,0,0
307,free_form,False,arithmetic_algebra,True,qwen_json,0,0,0,0,0,1,0,0
308,free_form,False,geometry_trig,True,qwen_json,0,0,1,0,0,0,0,0
309,free_form,False,applied_word_problem,True,qwen_json,0,0,0,0,0,0,1,0
310,free_form,False,arithmetic_algebra,True,qwen_json,0,0,0,0,0,1,0,0
311,free_form,False,applied_word_problem,True,qwen_json,0,0,0,0,0,0,1,0
312,free_form,False,geometry_trig,True,rule_override_general_math,0,0,1,0,0,0,0,0
313,free_form,False,geometry_trig,True,qwen_json,0,0,1,0,0,0,0,0
314,free_form,False,arithmetic_algebra,True,qwen_json,0,0,0,0,0,1,0,0
315,free_form,False,statistics_probability,True,qwen_json,1,0,0,0,0,0,0,0
316,mcq,True,geometry_trig,True,qwen_json,0,0,1,0,0,0,0,0
317,mcq,True,geometry_trig,True,rule_override_general_math,0,0,1,0,0,0,0,0
318,free_form,False,geometry_trig,True,qwen_json,0,0,1,0,0,0,0,0
319,free_form,False,statistics_probability,True,qwen_json,1,0,0,0,0,0,0,0
320,free_form,False,applied_word_problem,True,qwen_json,0,0,0,0,0,0,1,0
321,mcq,True,calculus,True,qwen_json,0,1,0,0,0,0,0,0
322,free_form,False,arithmetic_algebra,True,qwen_json,0,0,0,0,0,1,0,0
323,free_form,False,arithmetic_algebra,True,qwen_json,0,0,0,0,0,1,0,0
324,mcq,True,discrete_algorithm,True,qwen_json,0,0,0,0,1,0,0,0
325,free_form,False,applied_word_problem,True,qwen_json,0,0,0,0,0,0,1,0
326,free_form,False,arithmetic_algebra,True,qwen_json,0,0,0,0,0,1,0,0
327,free_form,False,arithmetic_algebra,True,qwen_json,0,0,0,0,0,1,0,0
328,free_form,False,applied_word_problem,True,qwen_json,0,0,0,0,0,0,1,0
329,mcq,True,geometry_trig,True,rule_override_general_math,0,0,1,0,0,0,0,0
330,free_form,False,calculus,True,qwen_json,0,1,0,0,0,0,0,0
331,mcq,True,geometry_trig,True,qwen_json,0,0,1,0,0,0,0,0
332,free_form,False,arithmetic_algebra,True,qwen_json,0,0,0,0,0,1,0,0
333,free_form,False,arithmetic_algebra,True,qwen_json,0,0,0,0,0,1,0,0
334,mcq,True,calculus,True,qwen_json,0,1,0,0,0,0,0,0
335,mcq,True,calculus,True,qwen_json,0,1,0,0,0,0,0,0
336,mcq,True,arithmetic_algebra,True,qwen_json,0,0,0,0,0,1,0,0
337,mcq,True,linear_algebra,True,qwen_json,0,0,0,1,0,0,0,0
338,free_form,False,arithmetic_algebra,True,qwen_json,0,0,0,0,0,1,0,0
339,mcq,True,calculus,True,qwen_json,0,1,0,0,0,0,0,0
340,free_form,False,statistics_probability,True,qwen_json,1,0,0,0,0,0,0,0
341,free_form,False,arithmetic_algebra,True,qwen_json,0,0,0,0,0,1,0,0
342,free_form,False,arithmetic_algebra,True,qwen_json,0,0,0,0,0,1,0,0
343,free_form,False,arithmetic_algebra,True,qwen_json,0,0,0,0,0,1,0,0
344,free_form,False,arithmetic_algebra,True,qwen_json,0,0,0,0,0,1,0,0
345,free_form,False,arithmetic_algebra,True,qwen_json,0,0,0,0,0,1,0,0
346,free_form,False,arithmetic_algebra,True,qwen_json,0,0,0,0,0,1,0,0
347,mcq,True,applied_word_problem,True,qwen_json,0,0,0,0,0,0,1,0
348,mcq,True,calculus,True,qwen_json,0,1,0,0,0,0,0,0
349,free_form,False,arithmetic_algebra,True,qwen_json,0,0,0,0,0,1,0,0
350,free_form,False,arithmetic_algebra,True,qwen_json,0,0,0,0,0,1,0,0
351,mcq,True,calculus,True,qwen_json,0,1,0,0,0,0,0,0
352,free_form,False,arithmetic_algebra,True,qwen_json,0,0,0,0,0,1,0,0
353,free_form,False,applied_word_problem,True,qwen_json,0,0,0,0,0,0,1,0
354,free_form,False,applied_word_problem,True,qwen_json,0,0,0,0,0,0,1,0
355,mcq,True,calculus,True,qwen_json,0,1,0,0,0,0,0,0
356,mcq,True,calculus,True,qwen_json,0,1,0,0,0,0,0,0
357,free_form,False,applied_word_problem,True,qwen_json,0,0,0,0,0,0,1,0
358,mcq,True,arithmetic_algebra,True,qwen_json,0,0,0,0,0,1,0,0
359,mcq,True,calculus,True,qwen_json,0,1,0,0,0,0,0,0
360,mcq,True,calculus,True,qwen_json,0,1,0,0,0,0,0,0
361,free_form,False,geometry_trig,True,qwen_json,0,0,1,0,0,0,0,0
362,free_form,False,arithmetic_algebra,True,qwen_json,0,0,0,0,0,1,0,0
363,free_form,False,applied_word_problem,True,qwen_json,0,0,0,0,0,0,1,0
364,free_form,False,arithmetic_algebra,True,qwen_json,0,0,0,0,0,1,0,0
365,free_form,False,arithmetic_algebra,True,qwen_json,0,0,0,0,0,1,0,0
366,mcq,True,linear_algebra,True,qwen_json,0,0,0,1,0,0,0,0
367,free_form,False,geometry_trig,True,qwen_json,0,0,1,0,0,0,0,0
368,free_form,False,applied_word_problem,True,qwen_json,0,0,0,0,0,0,1,0
369,free_form,False,arithmetic_algebra,True,qwen_json,0,0,0,0,0,1,0,0
370,free_form,False,geometry_trig,True,qwen_json,0,0,1,0,0,0,0,0
371,free_form,False,arithmetic_algebra,True,qwen_json,0,0,0,0,0,1,0,0
372,free_form,False,statistics_probability,True,qwen_json,1,0,0,0,0,0,0,0
373,free_form,False,statistics_probability,True,qwen_json,1,0,0,0,0,0,0,0
374,free_form,False,arithmetic_algebra,True,qwen_json,0,0,0,0,0,1,0,0
375,free_form,False,arithmetic_algebra,True,qwen_json,0,0,0,0,0,1,0,0
376,free_form,False,arithmetic_algebra,True,qwen_json,0,0,0,0,0,1,0,0
377,mcq,True,arithmetic_algebra,True,qwen_json,0,0,0,0,0,1,0,0
378,free_form,False,statistics_probability,True,qwen_json,1,0,0,0,0,0,0,0
379,free_form,False,applied_word_problem,True,qwen_json,0,0,0,0,0,0,1,0
380,free_form,False,arithmetic_algebra,True,qwen_json,0,0,0,0,0,1,0,0
381,free_form,False,arithmetic_algebra,True,qwen_json,0,0,0,0,0,1,0,0
382,free_form,False,applied_word_problem,True,qwen_json,0,0,0,0,0,0,1,0
383,free_form,False,discrete_algorithm,True,rule_override_general_math,0,0,0,0,1,0,0,0
384,free_form,False,arithmetic_algebra,True,qwen_json,0,0,0,0,0,1,0,0
385,free_form,False,statistics_probability,True,qwen_json,1,0,0,0,0,0,0,0
386,free_form,False,geometry_trig,True,qwen_json,0,0,1,0,0,0,0,0
387,free_form,False,applied_word_problem,True,qwen_json,0,0,0,0,0,0,1,0
388,free_form,False,applied_word_problem,True,qwen_json,0,0,0,0,0,0,1,0
389,mcq,True,arithmetic_algebra,True,qwen_json,0,0,0,0,0,1,0,0
390,free_form,False,arithmetic_algebra,True,qwen_json,0,0,0,0,0,1,0,0
391,mcq,True,arithmetic_algebra,True,qwen_json,0,0,0,0,0,1,0,0
392,free_form,False,arithmetic_algebra,True,qwen_json,0,0,0,0,0,1,0,0
393,free_form,False,geometry_trig,True,qwen_json,0,0,1,0,0,0,0,0
394,mcq,True,calculus,True,qwen_json,0,1,0,0,0,0,0,0
395,free_form,False,applied_word_problem,True,qwen_json,0,0,0,0,0,0,1,0
396,free_form,False,arithmetic_algebra,True,qwen_json,0,0,0,0,0,1,0,0
397,free_form,False,geometry_trig,True,qwen_json,0,0,1,0,0,0,0,0
398,mcq,True,linear_algebra,True,qwen_json,0,0,0,1,0,0,0,0
399,mcq,True,arithmetic_algebra,True,qwen_json,0,0,0,0,0,1,0,0
400,mcq,True,statistics_probability,True,qwen_json,1,0,0,0,0,0,0,0
401,free_form,False,geometry_trig,True,qwen_json,0,0,1,0,0,0,0,0
402,mcq,True,discrete_algorithm,True,qwen_json,0,0,0,0,1,0,0,0
403,mcq,True,linear_algebra,True,qwen_json,0,0,0,1,0,0,0,0
404,free_form,False,statistics_probability,True,qwen_json,1,0,0,0,0,0,0,0
405,mcq,True,discrete_algorithm,True,qwen_json,0,0,0,0,1,0,0,0
406,free_form,False,arithmetic_algebra,True,qwen_json,0,0,0,0,0,1,0,0
407,mcq,True,discrete_algorithm,True,qwen_json,0,0,0,0,1,0,0,0
408,free_form,False,arithmetic_algebra,True,qwen_json,0,0,0,0,0,1,0,0
409,free_form,False,statistics_probability,True,qwen_json,1,0,0,0,0,0,0,0
410,free_form,False,geometry_trig,True,qwen_json,0,0,1,0,0,0,0,0
411,free_form,False,geometry_trig,True,qwen_json,0,0,1,0,0,0,0,0
412,free_form,False,geometry_trig,True,qwen_json,0,0,1,0,0,0,0,0
413,free_form,False,statistics_probability,True,qwen_json,1,0,0,0,0,0,0,0
414,mcq,True,calculus,True,qwen_json,0,1,0,0,0,0,0,0
415,free_form,False,arithmetic_algebra,True,qwen_json,0,0,0,0,0,1,0,0
416,free_form,False,arithmetic_algebra,True,qwen_json,0,0,0,0,0,1,0,0
417,free_form,False,statistics_probability,True,qwen_json,1,0,0,0,0,0,0,0
418,free_form,False,statistics_probability,True,qwen_json,1,0,0,0,0,0,0,0
419,free_form,False,discrete_algorithm,True,rule_override_general_math,0,0,0,0,1,0,0,0
420,mcq,True,statistics_probability,True,qwen_json,1,0,0,0,0,0,0,0
421,free_form,False,geometry_trig,True,qwen_json,0,0,1,0,0,0,0,0
422,free_form,False,general_math,True,qwen_json,0,0,0,0,0,0,0,1
423,free_form,False,arithmetic_algebra,True,qwen_json,0,0,0,0,0,1,0,0
424,free_form,False,statistics_probability,True,qwen_json,1,0,0,0,0,0,0,0
425,free_form,False,arithmetic_algebra,True,qwen_json,0,0,0,0,0,1,0,0
426,free_form,False,applied_word_problem,True,qwen_json,0,0,0,0,0,0,1,0
427,mcq,True,arithmetic_algebra,True,qwen_json,0,0,0,0,0,1,0,0
428,free_form,False,arithmetic_algebra,True,qwen_json,0,0,0,0,0,1,0,0
429,free_form,False,arithmetic_algebra,True,qwen_json,0,0,0,0,0,1,0,0
430,mcq,True,calculus,True,qwen_json,0,1,0,0,0,0,0,0
431,free_form,False,arithmetic_algebra,True,qwen_json,0,0,0,0,0,1,0,0
432,free_form,False,geometry_trig,True,qwen_json,0,0,1,0,0,0,0,0
433,mcq,True,geometry_trig,True,qwen_json,0,0,1,0,0,0,0,0
434,mcq,True,applied_word_problem,True,qwen_json,0,0,0,0,0,0,1,0
435,free_form,False,statistics_probability,True,qwen_json,1,0,0,0,0,0,0,0
436,free_form,False,arithmetic_algebra,True,qwen_json,0,0,0,0,0,1,0,0
437,free_form,False,statistics_probability,True,qwen_json,1,0,0,0,0,0,0,0
438,free_form,False,arithmetic_algebra,True,qwen_json,0,0,0,0,0,1,0,0
439,free_form,False,arithmetic_algebra,True,qwen_json,0,0,0,0,0,1,0,0
440,mcq,True,geometry_trig,True,qwen_json,0,0,1,0,0,0,0,0
441,free_form,False,arithmetic_algebra,True,qwen_json,0,0,0,0,0,1,0,0
442,mcq,True,calculus,True,qwen_json,0,1,0,0,0,0,0,0
443,mcq,True,arithmetic_algebra,True,qwen_json,0,0,0,0,0,1,0,0
444,free_form,False,arithmetic_algebra,True,qwen_json,0,0,0,0,0,1,0,0
445,mcq,True,statistics_probability,True,qwen_json,1,0,0,0,0,0,0,0
446,free_form,False,statistics_probability,True,qwen_json,1,0,0,0,0,0,0,0
447,free_form,False,arithmetic_algebra,True,qwen_json,0,0,0,0,0,1,0,0
448,free_form,False,arithmetic_algebra,True,qwen_json,0,0,0,0,0,1,0,0
449,free_form,False,statistics_probability,True,qwen_json,1,0,0,0,0,0,0,0
450,mcq,True,arithmetic_algebra,True,qwen_json,0,0,0,0,0,1,0,0
451,free_form,False,statistics_probability,True,qwen_json,1,0,0,0,0,0,0,0
452,free_form,False,statistics_probability,True,qwen_json,1,0,0,0,0,0,0,0
453,free_form,False,general_math,True,qwen_json,0,0,0,0,0,0,0,1
454,free_form,False,applied_word_problem,True,qwen_json,0,0,0,0,0,0,1,0
455,free_form,False,applied_word_problem,True,qwen_json,0,0,0,0,0,0,1,0
456,free_form,False,statistics_probability,True,qwen_json,1,0,0,0,0,0,0,0
457,mcq,True,arithmetic_algebra,True,qwen_json,0,0,0,0,0,1,0,0
458,free_form,False,discrete_algorithm,True,qwen_json,0,0,0,0,1,0,0,0
459,free_form,False,geometry_trig,True,qwen_json,0,0,1,0,0,0,0,0
460,free_form,False,arithmetic_algebra,True,qwen_json,0,0,0,0,0,1,0,0
461,free_form,False,statistics_probability,True,qwen_json,1,0,0,0,0,0,0,0
462,free_form,False,arithmetic_algebra,True,qwen_json,0,0,0,0,0,1,0,0
463,mcq,True,calculus,True,qwen_json,0,1,0,0,0,0,0,0
464,mcq,True,statistics_probability,True,qwen_json,1,0,0,0,0,0,0,0
465,mcq,True,calculus,True,qwen_json,0,1,0,0,0,0,0,0
466,free_form,False,applied_word_problem,True,qwen_json,0,0,0,0,0,0,1,0
467,free_form,False,applied_word_problem,True,qwen_json,0,0,0,0,0,0,1,0
468,free_form,False,statistics_probability,True,qwen_json,1,0,0,0,0,0,0,0
469,free_form,False,applied_word_problem,True,qwen_json,0,0,0,0,0,0,1,0
470,free_form,False,statistics_probability,True,qwen_json,1,0,0,0,0,0,0,0
471,mcq,True,geometry_trig,True,qwen_json,0,0,1,0,0,0,0,0
472,mcq,True,applied_word_problem,True,qwen_json,0,0,0,0,0,0,1,0
473,free_form,False,arithmetic_algebra,True,qwen_json,0,0,0,0,0,1,0,0
474,mcq,True,discrete_algorithm,True,qwen_json,0,0,0,0,1,0,0,0
475,free_form,False,statistics_probability,True,qwen_json,1,0,0,0,0,0,0,0
476,mcq,True,calculus,True,qwen_json,0,1,0,0,0,0,0,0
477,free_form,False,statistics_probability,True,qwen_json,1,0,0,0,0,0,0,0
478,free_form,False,arithmetic_algebra,True,qwen_json,0,0,0,0,0,1,0,0
479,free_form,False,statistics_probability,True,qwen_json,1,0,0,0,0,0,0,0
480,free_form,False,arithmetic_algebra,True,qwen_json,0,0,0,0,0,1,0,0
481,mcq,True,discrete_algorithm,True,qwen_json,0,0,0,0,1,0,0,0
482,mcq,True,arithmetic_algebra,True,qwen_json,0,0,0,0,0,1,0,0
483,mcq,True,geometry_trig,True,qwen_json,0,0,1,0,0,0,0,0
484,mcq,True,arithmetic_algebra,True,qwen_json,0,0,0,0,0,1,0,0
485,free_form,False,applied_word_problem,True,qwen_json,0,0,0,0,0,0,1,0
486,mcq,True,discrete_algorithm,True,qwen_json,0,0,0,0,1,0,0,0
487,free_form,False,statistics_probability,True,qwen_json,1,0,0,0,0,0,0,0
488,free_form,False,discrete_algorithm,True,qwen_json,0,0,0,0,1,0,0,0
489,free_form,False,applied_word_problem,True,qwen_json,0,0,0,0,0,0,1,0
490,free_form,False,applied_word_problem,True,qwen_json,0,0,0,0,0,0,1,0
491,free_form,False,statistics_probability,True,qwen_json,1,0,0,0,0,0,0,0
492,free_form,False,statistics_probability,True,qwen_json,1,0,0,0,0,0,0,0
493,free_form,False,statistics_probability,True,qwen_json,1,0,0,0,0,0,0,0
494,free_form,False,arithmetic_algebra,True,qwen_json,0,0,0,0,0,1,0,0
495,free_form,False,statistics_probability,True,qwen_json,1,0,0,0,0,0,0,0
496,free_form,False,geometry_trig,True,qwen_json,0,0,1,0,0,0,0,0
497,free_form,False,geometry_trig,True,qwen_json,0,0,1,0,0,0,0,0
498,free_form,False,applied_word_problem,True,qwen_json,0,0,0,0,0,0,1,0
499,free_form,False,calculus,True,qwen_json,0,1,0,0,0,0,0,0
500,mcq,True,linear_algebra,True,qwen_json,0,0,0,1,0,0,0,0
501,mcq,True,applied_word_problem,True,qwen_json,0,0,0,0,0,0,1,0
502,free_form,False,geometry_trig,True,qwen_json,0,0,1,0,0,0,0,0
503,free_form,False,applied_word_problem,True,qwen_json,0,0,0,0,0,0,1,0
504,free_form,False,geometry_trig,True,qwen_json,0,0,1,0,0,0,0,0
505,free_form,False,arithmetic_algebra,True,qwen_json,0,0,0,0,0,1,0,0
506,mcq,True,discrete_algorithm,True,qwen_json,0,0,0,0,1,0,0,0
507,mcq,True,arithmetic_algebra,True,qwen_json,0,0,0,0,0,1,0,0
508,free_form,False,linear_algebra,True,rule_override_general_math,0,0,0,1,0,0,0,0
509,mcq,True,statistics_probability,True,qwen_json,1,0,0,0,0,0,0,0
510,free_form,False,discrete_algorithm,True,qwen_json,0,0,0,0,1,0,0,0
511,mcq,True,calculus,True,qwen_json,0,1,0,0,0,0,0,0
512,free_form,False,arithmetic_algebra,True,qwen_json,0,0,0,0,0,1,0,0
513,free_form,False,statistics_probability,True,qwen_json,1,0,0,0,0,0,0,0
514,mcq,True,calculus,True,qwen_json,0,1,0,0,0,0,0,0
515,free_form,False,arithmetic_algebra,True,qwen_json,0,0,0,0,0,1,0,0
516,free_form,False,arithmetic_algebra,True,qwen_json,0,0,0,0,0,1,0,0
517,mcq,True,arithmetic_algebra,True,qwen_json,0,0,0,0,0,1,0,0
518,mcq,True,discrete_algorithm,True,qwen_json,0,0,0,0,1,0,0,0
519,free_form,False,applied_word_problem,True,qwen_json,0,0,0,0,0,0,1,0
520,free_form,False,applied_word_problem,True,qwen_json,0,0,0,0,0,0,1,0
521,mcq,True,arithmetic_algebra,True,qwen_json,0,0,0,0,0,1,0,0
522,free_form,False,calculus,True,qwen_json,0,1,0,0,0,0,0,0
523,free_form,False,arithmetic_algebra,True,qwen_json,0,0,0,0,0,1,0,0
524,mcq,True,calculus,True,qwen_json,0,1,0,0,0,0,0,0
525,mcq,True,arithmetic_algebra,True,qwen_json,0,0,0,0,0,1,0,0
526,free_form,False,arithmetic_algebra,True,qwen_json,0,0,0,0,0,1,0,0
527,free_form,False,applied_word_problem,True,qwen_json,0,0,0,0,0,0,1,0
528,free_form,False,applied_word_problem,True,qwen_json,0,0,0,0,0,0,1,0
529,free_form,False,applied_word_problem,True,qwen_json,0,0,0,0,0,0,1,0
530,free_form,False,arithmetic_algebra,True,qwen_json,0,0,0,0,0,1,0,0
531,free_form,False,arithmetic_algebra,True,qwen_json,0,0,0,0,0,1,0,0
532,mcq,True,geometry_trig,True,qwen_json,0,0,1,0,0,0,0,0
533,free_form,False,statistics_probability,True,qwen_json,1,0,0,0,0,0,0,0
534,mcq,True,calculus,True,qwen_json,0,1,0,0,0,0,0,0
535,free_form,False,arithmetic_algebra,True,qwen_json,0,0,0,0,0,1,0,0
536,mcq,True,linear_algebra,True,qwen_json,0,0,0,1,0,0,0,0
537,free_form,False,applied_word_problem,True,qwen_json,0,0,0,0,0,0,1,0
538,mcq,True,arithmetic_algebra,True,qwen_json,0,0,0,0,0,1,0,0
539,free_form,False,arithmetic_algebra,True,qwen_json,0,0,0,0,0,1,0,0
540,free_form,False,statistics_probability,True,qwen_json,1,0,0,0,0,0,0,0
541,free_form,False,arithmetic_algebra,True,qwen_json,0,0,0,0,0,1,0,0
542,free_form,False,statistics_probability,True,qwen_json,1,0,0,0,0,0,0,0
543,free_form,False,arithmetic_algebra,True,qwen_json,0,0,0,0,0,1,0,0
544,free_form,False,arithmetic_algebra,True,qwen_json,0,0,0,0,0,1,0,0
545,free_form,False,applied_word_problem,True,qwen_json,0,0,0,0,0,0,1,0
546,free_form,False,arithmetic_algebra,True,qwen_json,0,0,0,0,0,1,0,0
547,mcq,True,arithmetic_algebra,True,qwen_json,0,0,0,0,0,1,0,0
548,free_form,False,applied_word_problem,True,qwen_json,0,0,0,0,0,0,1,0
549,mcq,True,discrete_algorithm,True,qwen_json,0,0,0,0,1,0,0,0
550,mcq,True,calculus,True,qwen_json,0,1,0,0,0,0,0,0
551,free_form,False,geometry_trig,True,qwen_json,0,0,1,0,0,0,0,0
552,free_form,False,statistics_probability,True,qwen_json,1,0,0,0,0,0,0,0
553,free_form,False,statistics_probability,True,qwen_json,1,0,0,0,0,0,0,0
554,mcq,True,statistics_probability,True,qwen_json,1,0,0,0,0,0,0,0
555,free_form,False,statistics_probability,True,qwen_json,1,0,0,0,0,0,0,0
556,free_form,False,applied_word_problem,True,qwen_json,0,0,0,0,0,0,1,0
557,free_form,False,arithmetic_algebra,True,qwen_json,0,0,0,0,0,1,0,0
558,free_form,False,arithmetic_algebra,True,qwen_json,0,0,0,0,0,1,0,0
559,free_form,False,arithmetic_algebra,True,qwen_json,0,0,0,0,0,1,0,0
560,free_form,False,statistics_probability,True,qwen_json,1,0,0,0,0,0,0,0
561,mcq,True,arithmetic_algebra,True,qwen_json,0,0,0,0,0,1,0,0
562,mcq,True,arithmetic_algebra,True,rule_override_general_math,0,0,0,0,0,1,0,0
563,free_form,False,applied_word_problem,True,qwen_json,0,0,0,0,0,0,1,0
564,mcq,True,arithmetic_algebra,True,qwen_json,0,0,0,0,0,1,0,0
565,free_form,False,arithmetic_algebra,True,qwen_json,0,0,0,0,0,1,0,0
566,free_form,False,arithmetic_algebra,True,qwen_json,0,0,0,0,0,1,0,0
567,free_form,False,statistics_probability,True,qwen_json,1,0,0,0,0,0,0,0
568,free_form,False,arithmetic_algebra,True,qwen_json,0,0,0,0,0,1,0,0
569,mcq,True,linear_algebra,True,qwen_json,0,0,0,1,0,0,0,0
570,mcq,True,discrete_algorithm,True,qwen_json,0,0,0,0,1,0,0,0
571,mcq,True,arithmetic_algebra,True,qwen_json,0,0,0,0,0,1,0,0
572,free_form,False,arithmetic_algebra,True,qwen_json,0,0,0,0,0,1,0,0
573,free_form,False,applied_word_problem,True,qwen_json,0,0,0,0,0,0,1,0
574,mcq,True,linear_algebra,True,qwen_json,0,0,0,1,0,0,0,0
575,mcq,True,statistics_probability,True,rule_override_general_math,1,0,0,0,0,0,0,0
576,free_form,False,applied_word_problem,True,qwen_json,0,0,0,0,0,0,1,0
577,mcq,True,arithmetic_algebra,True,qwen_json,0,0,0,0,0,1,0,0
578,free_form,False,statistics_probability,True,qwen_json,1,0,0,0,0,0,0,0
579,mcq,True,calculus,True,qwen_json,0,1,0,0,0,0,0,0
580,mcq,True,calculus,True,qwen_json,0,1,0,0,0,0,0,0
581,mcq,True,calculus,True,qwen_json,0,1,0,0,0,0,0,0
582,free_form,False,arithmetic_algebra,True,qwen_json,0,0,0,0,0,1,0,0
583,free_form,False,applied_word_problem,True,qwen_json,0,0,0,0,0,0,1,0
584,free_form,False,geometry_trig,True,qwen_json,0,0,1,0,0,0,0,0
585,free_form,False,statistics_probability,True,qwen_json,1,0,0,0,0,0,0,0
586,free_form,False,statistics_probability,True,qwen_json,1,0,0,0,0,0,0,0
587,free_form,False,statistics_probability,True,qwen_json,1,0,0,0,0,0,0,0
588,mcq,True,linear_algebra,True,qwen_json,0,0,0,1,0,0,0,0
589,mcq,True,arithmetic_algebra,True,qwen_json,0,0,0,0,0,1,0,0
590,mcq,True,arithmetic_algebra,True,qwen_json,0,0,0,0,0,1,0,0
591,free_form,False,geometry_trig,True,qwen_json,0,0,1,0,0,0,0,0
592,mcq,True,geometry_trig,True,qwen_json,0,0,1,0,0,0,0,0
593,free_form,False,geometry_trig,True,qwen_json,0,0,1,0,0,0,0,0
594,mcq,True,statistics_probability,True,qwen_json,1,0,0,0,0,0,0,0
595,free_form,False,statistics_probability,True,qwen_json,1,0,0,0,0,0,0,0
596,mcq,True,discrete_algorithm,True,qwen_json,0,0,0,0,1,0,0,0
597,mcq,True,applied_word_problem,True,qwen_json,0,0,0,0,0,0,1,0
598,mcq,True,linear_algebra,True,qwen_json,0,0,0,1,0,0,0,0
599,free_form,False,statistics_probability,True,qwen_json,1,0,0,0,0,0,0,0
600,mcq,True,linear_algebra,True,qwen_json,0,0,0,1,0,0,0,0
601,free_form,False,arithmetic_algebra,True,qwen_json,0,0,0,0,0,1,0,0
602,free_form,False,statistics_probability,True,qwen_json,1,0,0,0,0,0,0,0
603,free_form,False,statistics_probability,True,qwen_json,1,0,0,0,0,0,0,0
604,mcq,True,geometry_trig,True,qwen_json,0,0,1,0,0,0,0,0
605,free_form,False,applied_word_problem,True,qwen_json,0,0,0,0,0,0,1,0
606,mcq,True,arithmetic_algebra,True,qwen_json,0,0,0,0,0,1,0,0
607,free_form,False,geometry_trig,True,qwen_json,0,0,1,0,0,0,0,0
608,free_form,False,applied_word_problem,True,qwen_json,0,0,0,0,0,0,1,0
609,free_form,False,geometry_trig,True,qwen_json,0,0,1,0,0,0,0,0
610,free_form,False,calculus,True,qwen_json,0,1,0,0,0,0,0,0
611,free_form,False,statistics_probability,True,qwen_json,1,0,0,0,0,0,0,0
612,free_form,False,arithmetic_algebra,True,qwen_json,0,0,0,0,0,1,0,0
613,mcq,True,linear_algebra,True,qwen_json,0,0,0,1,0,0,0,0
614,mcq,True,arithmetic_algebra,True,qwen_json,0,0,0,0,0,1,0,0
615,free_form,False,applied_word_problem,True,qwen_json,0,0,0,0,0,0,1,0
616,mcq,True,calculus,True,qwen_json,0,1,0,0,0,0,0,0
617,free_form,False,arithmetic_algebra,True,qwen_json,0,0,0,0,0,1,0,0
618,mcq,True,calculus,True,qwen_json,0,1,0,0,0,0,0,0
619,free_form,False,statistics_probability,True,qwen_json,1,0,0,0,0,0,0,0
620,free_form,False,statistics_probability,True,qwen_json,1,0,0,0,0,0,0,0
621,free_form,False,arithmetic_algebra,True,qwen_json,0,0,0,0,0,1,0,0
622,free_form,False,statistics_probability,True,qwen_json,1,0,0,0,0,0,0,0
623,free_form,False,arithmetic_algebra,True,qwen_json,0,0,0,0,0,1,0,0
624,mcq,True,arithmetic_algebra,True,qwen_json,0,0,0,0,0,1,0,0
625,free_form,False,arithmetic_algebra,True,qwen_json,0,0,0,0,0,1,0,0
626,mcq,True,calculus,True,qwen_json,0,1,0,0,0,0,0,0
627,free_form,False,geometry_trig,True,qwen_json,0,0,1,0,0,0,0,0
628,free_form,False,arithmetic_algebra,True,qwen_json,0,0,0,0,0,1,0,0
629,free_form,False,applied_word_problem,True,rule_override_general_math,0,0,0,0,0,0,1,0
630,free_form,False,arithmetic_algebra,True,qwen_json,0,0,0,0,0,1,0,0
631,mcq,True,calculus,True,qwen_json,0,1,0,0,0,0,0,0
632,free_form,False,arithmetic_algebra,True,qwen_json,0,0,0,0,0,1,0,0
633,free_form,False,arithmetic_algebra,True,qwen_json,0,0,0,0,0,1,0,0
634,free_form,False,applied_word_problem,True,qwen_json,0,0,0,0,0,0,1,0
635,free_form,False,arithmetic_algebra,True,qwen_json,0,0,0,0,0,1,0,0
636,free_form,False,discrete_algorithm,True,qwen_json,0,0,0,0,1,0,0,0
637,free_form,False,geometry_trig,True,qwen_json,0,0,1,0,0,0,0,0
638,free_form,False,statistics_probability,True,qwen_json,1,0,0,0,0,0,0,0
639,free_form,False,statistics_probability,True,qwen_json,1,0,0,0,0,0,0,0
640,mcq,True,arithmetic_algebra,True,qwen_json,0,0,0,0,0,1,0,0
641,free_form,False,arithmetic_algebra,True,qwen_json,0,0,0,0,0,1,0,0
642,free_form,False,geometry_trig,True,qwen_json,0,0,1,0,0,0,0,0
643,free_form,False,arithmetic_algebra,True,qwen_json,0,0,0,0,0,1,0,0
644,mcq,True,discrete_algorithm,True,rule_override_general_math,0,0,0,0,1,0,0,0
645,free_form,False,arithmetic_algebra,True,qwen_json,0,0,0,0,0,1,0,0
646,mcq,True,calculus,True,qwen_json,0,1,0,0,0,0,0,0
647,mcq,True,discrete_algorithm,True,qwen_json,0,0,0,0,1,0,0,0
648,free_form,False,applied_word_problem,True,qwen_json,0,0,0,0,0,0,1,0
649,free_form,False,arithmetic_algebra,True,qwen_json,0,0,0,0,0,1,0,0
650,mcq,True,calculus,True,qwen_json,0,1,0,0,0,0,0,0
651,free_form,False,applied_word_problem,True,qwen_json,0,0,0,0,0,0,1,0
652,free_form,False,applied_word_problem,True,rule_override_general_math,0,0,0,0,0,0,1,0
653,free_form,False,applied_word_problem,True,qwen_json,0,0,0,0,0,0,1,0
654,free_form,False,arithmetic_algebra,True,qwen_json,0,0,0,0,0,1,0,0
655,free_form,False,arithmetic_algebra,True,qwen_json,0,0,0,0,0,1,0,0
656,free_form,False,arithmetic_algebra,True,qwen_json,0,0,0,0,0,1,0,0
657,free_form,False,statistics_probability,True,qwen_json,1,0,0,0,0,0,0,0
658,mcq,True,calculus,True,rule_override_general_math,0,1,0,0,0,0,0,0
659,free_form,False,statistics_probability,True,qwen_json,1,0,0,0,0,0,0,0
660,mcq,True,calculus,True,qwen_json,0,1,0,0,0,0,0,0
661,free_form,False,applied_word_problem,True,qwen_json,0,0,0,0,0,0,1,0
662,free_form,False,applied_word_problem,True,qwen_json,0,0,0,0,0,0,1,0
663,mcq,True,discrete_algorithm,True,qwen_json,0,0,0,0,1,0,0,0
664,free_form,False,arithmetic_algebra,True,qwen_json,0,0,0,0,0,1,0,0
665,mcq,True,calculus,True,qwen_json,0,1,0,0,0,0,0,0
666,free_form,False,calculus,True,qwen_json,0,1,0,0,0,0,0,0
667,mcq,True,calculus,True,qwen_json,0,1,0,0,0,0,0,0
668,mcq,True,arithmetic_algebra,True,qwen_json,0,0,0,0,0,1,0,0
669,mcq,True,applied_word_problem,True,qwen_json,0,0,0,0,0,0,1,0
670,mcq,True,discrete_algorithm,True,qwen_json,0,0,0,0,1,0,0,0
671,free_form,False,arithmetic_algebra,True,qwen_json,0,0,0,0,0,1,0,0
672,mcq,True,calculus,True,qwen_json,0,1,0,0,0,0,0,0
673,free_form,False,discrete_algorithm,True,qwen_json,0,0,0,0,1,0,0,0
674,free_form,False,arithmetic_algebra,True,qwen_json,0,0,0,0,0,1,0,0
675,mcq,True,geometry_trig,True,rule_override_general_math,0,0,1,0,0,0,0,0
676,free_form,False,statistics_probability,True,qwen_json,1,0,0,0,0,0,0,0
677,mcq,True,statistics_probability,True,qwen_json,1,0,0,0,0,0,0,0
678,free_form,False,applied_word_problem,True,qwen_json,0,0,0,0,0,0,1,0
679,free_form,False,geometry_trig,True,qwen_json,0,0,1,0,0,0,0,0
680,free_form,False,calculus,True,qwen_json,0,1,0,0,0,0,0,0
681,free_form,False,applied_word_problem,True,qwen_json,0,0,0,0,0,0,1,0
682,mcq,True,arithmetic_algebra,True,qwen_json,0,0,0,0,0,1,0,0
683,free_form,False,arithmetic_algebra,True,qwen_json,0,0,0,0,0,1,0,0
684,free_form,False,statistics_probability,True,qwen_json,1,0,0,0,0,0,0,0
685,free_form,False,statistics_probability,True,qwen_json,1,0,0,0,0,0,0,0
686,mcq,True,statistics_probability,True,qwen_json,1,0,0,0,0,0,0,0
687,free_form,False,applied_word_problem,True,qwen_json,0,0,0,0,0,0,1,0
688,free_form,False,arithmetic_algebra,True,qwen_json,0,0,0,0,0,1,0,0
689,free_form,False,applied_word_problem,True,qwen_json,0,0,0,0,0,0,1,0
690,mcq,True,arithmetic_algebra,True,qwen_json,0,0,0,0,0,1,0,0
691,free_form,False,statistics_probability,True,qwen_json,1,0,0,0,0,0,0,0
692,free_form,False,calculus,True,qwen_json,0,1,0,0,0,0,0,0
693,free_form,False,geometry_trig,True,qwen_json,0,0,1,0,0,0,0,0
694,free_form,False,applied_word_problem,True,qwen_json,0,0,0,0,0,0,1,0
695,mcq,True,calculus,True,qwen_json,0,1,0,0,0,0,0,0
696,free_form,False,arithmetic_algebra,True,qwen_json,0,0,0,0,0,1,0,0
697,free_form,False,arithmetic_algebra,True,qwen_json,0,0,0,0,0,1,0,0
698,free_form,False,arithmetic_algebra,True,qwen_json,0,0,0,0,0,1,0,0
699,free_form,False,arithmetic_algebra,True,qwen_json,0,0,0,0,0,1,0,0
700,mcq,True,arithmetic_algebra,True,qwen_json,0,0,0,0,0,1,0,0
701,free_form,False,applied_word_problem,True,qwen_json,0,0,0,0,0,0,1,0
702,free_form,False,arithmetic_algebra,True,qwen_json,0,0,0,0,0,1,0,0
703,mcq,True,calculus,True,qwen_json,0,1,0,0,0,0,0,0
704,free_form,False,statistics_probability,True,qwen_json,1,0,0,0,0,0,0,0
705,free_form,False,statistics_probability,True,qwen_json,1,0,0,0,0,0,0,0
706,free_form,False,arithmetic_algebra,True,qwen_json,0,0,0,0,0,1,0,0
707,free_form,False,applied_word_problem,True,qwen_json,0,0,0,0,0,0,1,0
708,free_form,False,applied_word_problem,True,qwen_json,0,0,0,0,0,0,1,0
709,mcq,True,arithmetic_algebra,True,qwen_json,0,0,0,0,0,1,0,0
710,free_form,False,geometry_trig,True,qwen_json,0,0,1,0,0,0,0,0
711,mcq,True,geometry_trig,True,rule_override_general_math,0,0,1,0,0,0,0,0
712,free_form,False,statistics_probability,True,qwen_json,1,0,0,0,0,0,0,0
713,free_form,False,arithmetic_algebra,True,qwen_json,0,0,0,0,0,1,0,0
714,free_form,False,applied_word_problem,True,qwen_json,0,0,0,0,0,0,1,0
715,free_form,False,statistics_probability,True,qwen_json,1,0,0,0,0,0,0,0
716,free_form,False,statistics_probability,True,qwen_json,1,0,0,0,0,0,0,0
717,free_form,False,arithmetic_algebra,True,qwen_json,0,0,0,0,0,1,0,0
718,free_form,False,statistics_probability,True,qwen_json,1,0,0,0,0,0,0,0
719,mcq,True,general_math,True,qwen_json,0,0,0,0,0,0,0,1
720,mcq,True,calculus,True,qwen_json,0,1,0,0,0,0,0,0
721,free_form,False,statistics_probability,True,qwen_json,1,0,0,0,0,0,0,0
722,free_form,False,geometry_trig,True,rule_override_general_math,0,0,1,0,0,0,0,0
723,free_form,False,geometry_trig,True,qwen_json,0,0,1,0,0,0,0,0
724,free_form,False,general_math,True,qwen_json,0,0,0,0,0,0,0,1
725,free_form,False,statistics_probability,True,qwen_json,1,0,0,0,0,0,0,0
726,free_form,False,applied_word_problem,True,qwen_json,0,0,0,0,0,0,1,0
727,mcq,True,geometry_trig,True,qwen_json,0,0,1,0,0,0,0,0
728,free_form,False,arithmetic_algebra,True,qwen_json,0,0,0,0,0,1,0,0
729,mcq,True,linear_algebra,True,qwen_json,0,0,0,1,0,0,0,0
730,mcq,True,calculus,True,qwen_json,0,1,0,0,0,0,0,0
731,mcq,True,arithmetic_algebra,True,qwen_json,0,0,0,0,0,1,0,0
732,mcq,True,linear_algebra,True,qwen_json,0,0,0,1,0,0,0,0
733,free_form,False,statistics_probability,True,qwen_json,1,0,0,0,0,0,0,0
734,free_form,False,applied_word_problem,True,qwen_json,0,0,0,0,0,0,1,0
735,free_form,False,statistics_probability,True,qwen_json,1,0,0,0,0,0,0,0
736,free_form,False,arithmetic_algebra,True,qwen_json,0,0,0,0,0,1,0,0
737,free_form,False,applied_word_problem,True,qwen_json,0,0,0,0,0,0,1,0
738,free_form,False,statistics_probability,True,qwen_json,1,0,0,0,0,0,0,0
739,free_form,False,arithmetic_algebra,True,qwen_json,0,0,0,0,0,1,0,0
740,free_form,False,geometry_trig,True,qwen_json,0,0,1,0,0,0,0,0
741,mcq,True,geometry_trig,True,qwen_json,0,0,1,0,0,0,0,0
742,free_form,False,statistics_probability,True,qwen_json,1,0,0,0,0,0,0,0
743,free_form,False,arithmetic_algebra,True,qwen_json,0,0,0,0,0,1,0,0
744,free_form,False,applied_word_problem,True,qwen_json,0,0,0,0,0,0,1,0
745,free_form,False,geometry_trig,True,qwen_json,0,0,1,0,0,0,0,0
746,free_form,False,arithmetic_algebra,True,qwen_json,0,0,0,0,0,1,0,0
747,mcq,True,arithmetic_algebra,True,qwen_json,0,0,0,0,0,1,0,0
748,free_form,False,statistics_probability,True,qwen_json,1,0,0,0,0,0,0,0
749,free_form,False,arithmetic_algebra,True,qwen_json,0,0,0,0,0,1,0,0
750,free_form,False,calculus,True,qwen_json,0,1,0,0,0,0,0,0
751,free_form,False,geometry_trig,True,rule_override_general_math,0,0,1,0,0,0,0,0
752,mcq,True,geometry_trig,True,qwen_json,0,0,1,0,0,0,0,0
753,free_form,False,applied_word_problem,True,qwen_json,0,0,0,0,0,0,1,0
754,free_form,False,arithmetic_algebra,True,qwen_json,0,0,0,0,0,1,0,0
755,mcq,True,geometry_trig,True,rule_override_general_math,0,0,1,0,0,0,0,0
756,free_form,False,applied_word_problem,True,qwen_json,0,0,0,0,0,0,1,0
757,free_form,False,applied_word_problem,True,qwen_json,0,0,0,0,0,0,1,0
758,free_form,False,statistics_probability,True,qwen_json,1,0,0,0,0,0,0,0
759,free_form,False,statistics_probability,True,qwen_json,1,0,0,0,0,0,0,0
760,mcq,True,arithmetic_algebra,True,qwen_json,0,0,0,0,0,1,0,0
761,free_form,False,arithmetic_algebra,True,qwen_json,0,0,0,0,0,1,0,0
762,free_form,False,arithmetic_algebra,True,qwen_json,0,0,0,0,0,1,0,0
763,free_form,False,arithmetic_algebra,True,qwen_json,0,0,0,0,0,1,0,0
764,free_form,False,arithmetic_algebra,True,qwen_json,0,0,0,0,0,1,0,0
765,mcq,True,applied_word_problem,True,qwen_json,0,0,0,0,0,0,1,0
766,free_form,False,arithmetic_algebra,True,qwen_json,0,0,0,0,0,1,0,0
767,mcq,True,calculus,True,qwen_json,0,1,0,0,0,0,0,0
768,mcq,True,arithmetic_algebra,True,qwen_json,0,0,0,0,0,1,0,0
769,free_form,False,geometry_trig,True,qwen_json,0,0,1,0,0,0,0,0
770,free_form,False,arithmetic_algebra,True,qwen_json,0,0,0,0,0,1,0,0
771,free_form,False,geometry_trig,True,qwen_json,0,0,1,0,0,0,0,0
772,mcq,True,discrete_algorithm,True,qwen_json,0,0,0,0,1,0,0,0
773,free_form,False,applied_word_problem,True,qwen_json,0,0,0,0,0,0,1,0
774,free_form,False,statistics_probability,True,qwen_json,1,0,0,0,0,0,0,0
775,free_form,False,geometry_trig,True,qwen_json,0,0,1,0,0,0,0,0
776,free_form,False,arithmetic_algebra,True,qwen_json,0,0,0,0,0,1,0,0
777,free_form,False,arithmetic_algebra,True,qwen_json,0,0,0,0,0,1,0,0
778,mcq,True,statistics_probability,True,qwen_json,1,0,0,0,0,0,0,0
779,mcq,True,calculus,True,qwen_json,0,1,0,0,0,0,0,0
780,free_form,False,arithmetic_algebra,True,qwen_json,0,0,0,0,0,1,0,0
781,free_form,False,arithmetic_algebra,True,qwen_json,0,0,0,0,0,1,0,0
782,free_form,False,arithmetic_algebra,True,qwen_json,0,0,0,0,0,1,0,0
783,mcq,True,calculus,True,qwen_json,0,1,0,0,0,0,0,0
784,free_form,False,arithmetic_algebra,True,qwen_json,0,0,0,0,0,1,0,0
785,free_form,False,statistics_probability,True,qwen_json,1,0,0,0,0,0,0,0
786,mcq,True,discrete_algorithm,True,qwen_json,0,0,0,0,1,0,0,0
787,free_form,False,applied_word_problem,True,qwen_json,0,0,0,0,0,0,1,0
788,mcq,True,arithmetic_algebra,True,qwen_json,0,0,0,0,0,1,0,0
789,free_form,False,arithmetic_algebra,True,qwen_json,0,0,0,0,0,1,0,0
790,free_form,False,arithmetic_algebra,True,qwen_json,0,0,0,0,0,1,0,0
791,mcq,True,geometry_trig,True,qwen_json,0,0,1,0,0,0,0,0
792,free_form,False,arithmetic_algebra,True,qwen_json,0,0,0,0,0,1,0,0
793,free_form,False,statistics_probability,True,qwen_json,1,0,0,0,0,0,0,0
794,free_form,False,statistics_probability,True,qwen_json,1,0,0,0,0,0,0,0
795,free_form,False,applied_word_problem,True,qwen_json,0,0,0,0,0,0,1,0
796,mcq,True,geometry_trig,True,qwen_json,0,0,1,0,0,0,0,0
797,mcq,True,arithmetic_algebra,True,qwen_json,0,0,0,0,0,1,0,0
798,free_form,False,arithmetic_algebra,True,qwen_json,0,0,0,0,0,1,0,0
799,free_form,False,discrete_algorithm,True,qwen_json,0,0,0,0,1,0,0,0
800,free_form,False,statistics_probability,True,qwen_json,1,0,0,0,0,0,0,0
801,mcq,True,linear_algebra,True,qwen_json,0,0,0,1,0,0,0,0
802,free_form,False,arithmetic_algebra,True,qwen_json,0,0,0,0,0,1,0,0
803,free_form,False,statistics_probability,True,qwen_json,1,0,0,0,0,0,0,0
804,mcq,True,calculus,True,qwen_json,0,1,0,0,0,0,0,0
805,mcq,True,discrete_algorithm,True,qwen_json,0,0,0,0,1,0,0,0
806,free_form,False,geometry_trig,True,qwen_json,0,0,1,0,0,0,0,0
807,mcq,True,calculus,True,qwen_json,0,1,0,0,0,0,0,0
808,mcq,True,discrete_algorithm,True,qwen_json,0,0,0,0,1,0,0,0
809,free_form,False,general_math,True,qwen_json,0,0,0,0,0,0,0,1
810,mcq,True,calculus,True,qwen_json,0,1,0,0,0,0,0,0
811,free_form,False,arithmetic_algebra,True,qwen_json,0,0,0,0,0,1,0,0
812,free_form,False,geometry_trig,True,qwen_json,0,0,1,0,0,0,0,0
813,free_form,False,statistics_probability,True,qwen_json,1,0,0,0,0,0,0,0
814,free_form,False,statistics_probability,True,qwen_json,1,0,0,0,0,0,0,0
815,mcq,True,statistics_probability,True,qwen_json,1,0,0,0,0,0,0,0
816,free_form,False,statistics_probability,True,qwen_json,1,0,0,0,0,0,0,0
817,free_form,False,arithmetic_algebra,True,qwen_json,0,0,0,0,0,1,0,0
818,free_form,False,arithmetic_algebra,True,qwen_json,0,0,0,0,0,1,0,0
819,mcq,True,calculus,True,qwen_json,0,1,0,0,0,0,0,0
820,free_form,False,arithmetic_algebra,True,qwen_json,0,0,0,0,0,1,0,0
821,free_form,False,statistics_probability,True,qwen_json,1,0,0,0,0,0,0,0
822,free_form,False,applied_word_problem,True,qwen_json,0,0,0,0,0,0,1,0
823,free_form,False,arithmetic_algebra,True,qwen_json,0,0,0,0,0,1,0,0
824,mcq,True,calculus,True,qwen_json,0,1,0,0,0,0,0,0
825,mcq,True,calculus,True,qwen_json,0,1,0,0,0,0,0,0
826,free_form,False,applied_word_problem,True,qwen_json,0,0,0,0,0,0,1,0
827,mcq,True,calculus,True,qwen_json,0,1,0,0,0,0,0,0
828,free_form,False,statistics_probability,True,qwen_json,1,0,0,0,0,0,0,0
829,free_form,False,applied_word_problem,True,qwen_json,0,0,0,0,0,0,1,0
830,free_form,False,geometry_trig,True,qwen_json,0,0,1,0,0,0,0,0
831,mcq,True,calculus,True,qwen_json,0,1,0,0,0,0,0,0
832,mcq,True,calculus,True,qwen_json,0,1,0,0,0,0,0,0
833,free_form,False,arithmetic_algebra,True,qwen_json,0,0,0,0,0,1,0,0
834,free_form,False,geometry_trig,True,qwen_json,0,0,1,0,0,0,0,0
835,free_form,False,arithmetic_algebra,True,qwen_json,0,0,0,0,0,1,0,0
836,free_form,False,discrete_algorithm,True,rule_override_general_math,0,0,0,0,1,0,0,0
837,mcq,True,calculus,True,qwen_json,0,1,0,0,0,0,0,0
838,free_form,False,statistics_probability,True,qwen_json,1,0,0,0,0,0,0,0
839,mcq,True,geometry_trig,True,qwen_json,0,0,1,0,0,0,0,0
840,mcq,True,calculus,True,qwen_json,0,1,0,0,0,0,0,0
841,free_form,False,arithmetic_algebra,True,qwen_json,0,0,0,0,0,1,0,0
842,free_form,False,statistics_probability,True,qwen_json,1,0,0,0,0,0,0,0
843,free_form,False,arithmetic_algebra,True,qwen_json,0,0,0,0,0,1,0,0
844,mcq,True,applied_word_problem,True,qwen_json,0,0,0,0,0,0,1,0
845,free_form,False,arithmetic_algebra,True,qwen_json,0,0,0,0,0,1,0,0
846,free_form,False,arithmetic_algebra,True,qwen_json,0,0,0,0,0,1,0,0
847,mcq,True,statistics_probability,True,qwen_json,1,0,0,0,0,0,0,0
848,mcq,True,arithmetic_algebra,True,qwen_json,0,0,0,0,0,1,0,0
849,free_form,False,arithmetic_algebra,True,qwen_json,0,0,0,0,0,1,0,0
850,mcq,True,applied_word_problem,True,qwen_json,0,0,0,0,0,0,1,0
851,free_form,False,arithmetic_algebra,True,qwen_json,0,0,0,0,0,1,0,0
852,free_form,False,applied_word_problem,True,qwen_json,0,0,0,0,0,0,1,0
853,mcq,True,geometry_trig,True,qwen_json,0,0,1,0,0,0,0,0
854,free_form,False,arithmetic_algebra,True,qwen_json,0,0,0,0,0,1,0,0
855,free_form,False,applied_word_problem,True,qwen_json,0,0,0,0,0,0,1,0
856,mcq,True,applied_word_problem,True,qwen_json,0,0,0,0,0,0,1,0
857,free_form,False,statistics_probability,True,qwen_json,1,0,0,0,0,0,0,0
858,free_form,False,statistics_probability,True,qwen_json,1,0,0,0,0,0,0,0
859,free_form,False,geometry_trig,True,qwen_json,0,0,1,0,0,0,0,0
860,free_form,False,arithmetic_algebra,True,qwen_json,0,0,0,0,0,1,0,0
861,mcq,True,discrete_algorithm,True,qwen_json,0,0,0,0,1,0,0,0
862,mcq,True,discrete_algorithm,True,qwen_json,0,0,0,0,1,0,0,0
863,free_form,False,arithmetic_algebra,True,qwen_json,0,0,0,0,0,1,0,0
864,free_form,False,applied_word_problem,True,qwen_json,0,0,0,0,0,0,1,0
865,free_form,False,arithmetic_algebra,True,qwen_json,0,0,0,0,0,1,0,0
866,mcq,True,calculus,True,qwen_json,0,1,0,0,0,0,0,0
867,mcq,True,statistics_probability,True,qwen_json,1,0,0,0,0,0,0,0
868,mcq,True,arithmetic_algebra,True,qwen_json,0,0,0,0,0,1,0,0
869,free_form,False,arithmetic_algebra,True,qwen_json,0,0,0,0,0,1,0,0
870,mcq,True,statistics_probability,True,qwen_json,1,0,0,0,0,0,0,0
871,mcq,True,geometry_trig,True,qwen_json,0,0,1,0,0,0,0,0
872,free_form,False,calculus,True,qwen_json,0,1,0,0,0,0,0,0
873,mcq,True,discrete_algorithm,True,qwen_json,0,0,0,0,1,0,0,0
874,mcq,True,arithmetic_algebra,True,qwen_json,0,0,0,0,0,1,0,0
875,mcq,True,linear_algebra,True,qwen_json,0,0,0,1,0,0,0,0
876,mcq,True,calculus,True,qwen_json,0,1,0,0,0,0,0,0
877,mcq,True,discrete_algorithm,True,qwen_json,0,0,0,0,1,0,0,0
878,mcq,True,arithmetic_algebra,True,qwen_json,0,0,0,0,0,1,0,0
879,mcq,True,calculus,True,qwen_json,0,1,0,0,0,0,0,0
880,free_form,False,geometry_trig,True,qwen_json,0,0,1,0,0,0,0,0
881,mcq,True,discrete_algorithm,True,rule_override_general_math,0,0,0,0,1,0,0,0
882,free_form,False,applied_word_problem,True,qwen_json,0,0,0,0,0,0,1,0
883,free_form,False,arithmetic_algebra,True,qwen_json,0,0,0,0,0,1,0,0
884,free_form,False,arithmetic_algebra,True,qwen_json,0,0,0,0,0,1,0,0
885,free_form,False,statistics_probability,True,qwen_json,1,0,0,0,0,0,0,0
886,free_form,False,statistics_probability,True,qwen_json,1,0,0,0,0,0,0,0
887,mcq,True,arithmetic_algebra,True,rule_override_general_math,0,0,0,0,0,1,0,0
888,mcq,True,linear_algebra,True,qwen_json,0,0,0,1,0,0,0,0
889,free_form,False,arithmetic_algebra,True,qwen_json,0,0,0,0,0,1,0,0
890,free_form,False,statistics_probability,True,qwen_json,1,0,0,0,0,0,0,0
891,mcq,True,calculus,True,qwen_json,0,1,0,0,0,0,0,0
892,free_form,False,geometry_trig,True,qwen_json,0,0,1,0,0,0,0,0
893,free_form,False,statistics_probability,True,qwen_json,1,0,0,0,0,0,0,0
894,free_form,False,statistics_probability,True,qwen_json,1,0,0,0,0,0,0,0
895,free_form,False,arithmetic_algebra,True,qwen_json,0,0,0,0,0,1,0,0
896,free_form,False,arithmetic_algebra,True,qwen_json,0,0,0,0,0,1,0,0
897,free_form,False,applied_word_problem,True,qwen_json,0,0,0,0,0,0,1,0
898,free_form,False,arithmetic_algebra,True,qwen_json,0,0,0,0,0,1,0,0
899,mcq,True,calculus,True,qwen_json,0,1,0,0,0,0,0,0
900,free_form,False,linear_algebra,True,qwen_json,0,0,0,1,0,0,0,0
901,mcq,True,calculus,True,qwen_json,0,1,0,0,0,0,0,0
902,free_form,False,arithmetic_algebra,True,qwen_json,0,0,0,0,0,1,0,0
903,free_form,False,statistics_probability,True,qwen_json,1,0,0,0,0,0,0,0
904,mcq,True,linear_algebra,True,qwen_json,0,0,0,1,0,0,0,0
905,free_form,False,statistics_probability,True,qwen_json,1,0,0,0,0,0,0,0
906,free_form,False,arithmetic_algebra,True,qwen_json,0,0,0,0,0,1,0,0
907,free_form,False,geometry_trig,True,qwen_json,0,0,1,0,0,0,0,0
908,free_form,False,applied_word_problem,True,qwen_json,0,0,0,0,0,0,1,0
909,free_form,False,applied_word_problem,True,qwen_json,0,0,0,0,0,0,1,0
910,free_form,False,applied_word_problem,True,qwen_json,0,0,0,0,0,0,1,0
911,mcq,True,statistics_probability,True,qwen_json,1,0,0,0,0,0,0,0
912,free_form,False,geometry_trig,True,qwen_json,0,0,1,0,0,0,0,0
913,mcq,True,calculus,True,qwen_json,0,1,0,0,0,0,0,0
914,free_form,False,statistics_probability,True,qwen_json,1,0,0,0,0,0,0,0
915,free_form,False,arithmetic_algebra,True,qwen_json,0,0,0,0,0,1,0,0
916,free_form,False,geometry_trig,True,qwen_json,0,0,1,0,0,0,0,0
917,free_form,False,statistics_probability,True,qwen_json,1,0,0,0,0,0,0,0
918,mcq,True,linear_algebra,True,qwen_json,0,0,0,1,0,0,0,0
919,free_form,False,discrete_algorithm,True,qwen_json,0,0,0,0,1,0,0,0
920,free_form,False,applied_word_problem,True,qwen_json,0,0,0,0,0,0,1,0
921,mcq,True,geometry_trig,True,qwen_json,0,0,1,0,0,0,0,0
922,mcq,True,calculus,True,qwen_json,0,1,0,0,0,0,0,0
923,free_form,False,applied_word_problem,True,qwen_json,0,0,0,0,0,0,1,0
924,free_form,False,applied_word_problem,True,qwen_json,0,0,0,0,0,0,1,0
925,free_form,False,applied_word_problem,True,qwen_json,0,0,0,0,0,0,1,0
926,free_form,False,arithmetic_algebra,True,qwen_json,0,0,0,0,0,1,0,0
927,free_form,False,arithmetic_algebra,True,qwen_json,0,0,0,0,0,1,0,0
928,mcq,True,calculus,True,qwen_json,0,1,0,0,0,0,0,0
929,free_form,False,statistics_probability,True,qwen_json,1,0,0,0,0,0,0,0
930,mcq,True,linear_algebra,True,qwen_json,0,0,0,1,0,0,0,0
931,free_form,False,geometry_trig,True,qwen_json,0,0,1,0,0,0,0,0
932,free_form,False,arithmetic_algebra,True,qwen_json,0,0,0,0,0,1,0,0
933,mcq,True,discrete_algorithm,True,qwen_json,0,0,0,0,1,0,0,0
934,mcq,True,discrete_algorithm,True,qwen_json,0,0,0,0,1,0,0,0
935,mcq,True,geometry_trig,True,qwen_json,0,0,1,0,0,0,0,0
936,free_form,False,arithmetic_algebra,True,qwen_json,0,0,0,0,0,1,0,0
937,free_form,False,arithmetic_algebra,True,qwen_json,0,0,0,0,0,1,0,0
938,free_form,False,applied_word_problem,True,qwen_json,0,0,0,0,0,0,1,0
939,mcq,True,discrete_algorithm,True,rule_override_general_math,0,0,0,0,1,0,0,0
940,mcq,True,discrete_algorithm,True,qwen_json,0,0,0,0,1,0,0,0
941,free_form,False,statistics_probability,True,qwen_json,1,0,0,0,0,0,0,0
942,free_form,False,arithmetic_algebra,True,qwen_json,0,0,0,0,0,1,0,0
